{
  "id": 19506,
  "Hip": 27366,
  "HD": 38771,
  "HR": 2004,
  "Gliese": "",
  "BayerFlamsteed": "53Kap Ori",
  "ProperName": "Saiph",
  "RA": 5.79594109,
  "Dec": -9.66960186,
  "Distance": 221.2389381,
  "Mag": 2.07,
  "AbsMag": -4.654307826,
  "Spectrum": "B0.5Iavar",
  "ColorIndex": -0.168,
  "imgUrl": "img/stars/saiph.0.jpg"
}
