{
  "id": 23440,
  "Hip": 32349,
  "HD": 48915,
  "HR": 2491,
  "Gliese": "Gl 244  A",
  "BayerFlamsteed": "9Alp CMa",
  "ProperName": "Sirius",
  "RA": 6.7525694,
  "Dec": -16.71314306,
  "Distance": 2.637061259,
  "Mag": -1.44,
  "AbsMag": 1.454398907,
  "Spectrum": "A0m...",
  "ColorIndex": 0.009,
  "imgUrl": "img/stars/sirius.0.jpg"
}
