{
  "id": 47773,
  "Hip": 65474,
  "HD": 116658,
  "HR": 5056,
  "Gliese": "",
  "BayerFlamsteed": "67Alp Vir",
  "ProperName": "Spica",
  "RA": 13.41989015,
  "Dec": -11.16124491,
  "Distance": 80.38585209,
  "Mag": 0.98,
  "AbsMag": -3.545898098,
  "Spectrum": "B1V",
  "ColorIndex": -0.235,
  "imgUrl": "img/stars/spica.0.jpg"
}
