{
  "id": 55587,
  "Hip": 77070,
  "HD": 140573,
  "HR": 5854,
  "Gliese": "Gl 596.2",
  "BayerFlamsteed": "24Alp Ser",
  "ProperName": "Unukalhai",
  "RA": 15.7377766,
  "Dec": 6.42551971,
  "Distance": 22.45172878,
  "Mag": 2.63,
  "AbsMag": 0.873751063,
  "Spectrum": "K2III",
  "ColorIndex": 1.167,
  "imgUrl": "img/stars/unukalhai.0.jpg"
}
