{
  "id": 61845,
  "Hip": 85927,
  "HD": 158926,
  "HR": 6527,
  "Gliese": "",
  "BayerFlamsteed": "35Lam Sco",
  "ProperName": "Shaula",
  "RA": 17.56014624,
  "Dec": -37.10374835,
  "Distance": 215.5172414,
  "Mag": 1.62,
  "AbsMag": -5.047410097,
  "Spectrum": "B1.5IV+...",
  "ColorIndex": -0.231,
  "imgUrl": "img/stars/shaula.0.jpg"
}
