{
  "id": 70401,
  "Hip": 97278,
  "HD": 186791,
  "HR": 7525,
  "Gliese": "",
  "BayerFlamsteed": "50Gam Aql",
  "ProperName": "Tarazed",
  "RA": 19.77099171,
  "Dec": 10.61326869,
  "Distance": 141.2429379,
  "Mag": 2.72,
  "AbsMag": -3.029833712,
  "Spectrum": "K3II",
  "ColorIndex": 1.507,
  "imgUrl": "img/stars/tarazed.0.jpg"
}
