{
  "id": 82663,
  "Hip": 113881,
  "HD": 217906,
  "HR": 8775,
  "Gliese": "",
  "BayerFlamsteed": "53Bet Peg",
  "ProperName": "Scheat",
  "RA": 23.06287038,
  "Dec": 28.08245462,
  "Distance": 61.08735492,
  "Mag": 2.44,
  "AbsMag": -1.489756603,
  "Spectrum": "M2II-IIIvar",
  "ColorIndex": 1.655,
  "imgUrl": "img/stars/scheat.0.jpg"
}
